"{ ""retcode"" : ""0 Done"""," ""answer"" : ["
3003,
13465,
14653,
14803,
15966,
1200,
10352,
10358,
10362,
10369,
10373,
10385,
10396,
10445,
10459,
10462,
10469,
10495,
10502,
10508,
10519,
10533,
10534,
10539,
10540,
10541,
10548,
10549,
10552,
11122,
11125,
11137,
11139,
11142,
11154,
11156,
11158,
11160,
11164,
11171,
11178,
11186,
11189,
11195,
11199,
11225,
11230,
11231,
11247,
11248,
11309,
11315,
11408,
11419,
11420,
11435,
11448,
11460,
11511,
11522,
11578,
12051,
12058,
12060,
12069,
12078,
12079,
13053,
13078,
13082,
13094,
13105,
13113,
13120,
13121,
13128,
13144,
13168,
13170,
13180,
13200,
13221,
13239,
13247,
13248,
13256,
13258,
13274,
13280,
13284,
13289,
13302,
13309,
13314,
13333,
13334,
13336,
13338,
13350,
13351,
13393,
13397,
13428,
13429,
13438,
13480,
13482,
13577,
13622,
13663,
13742,
13772,
13775,
13787,
13788,
13789,
13790,
13824,
13878,
13942,
13948,
13959,
13964,
14054,
14156,
14164,
14196,
14262,
14277,
14278,
14286,
14294,
14295,
14297,
14311,
14313,
14319,
14342,
14351,
14356,
14378,
14379,
14381,
14385,
14391,
14392,
14399,
14404,
14412,
14524,
14532,
14548,
14587,
14599,
14658,
14680,
14694,
14709,
14798,
14813,
14858,
14969,
14974,
15061,
15081,
15142,
15164,
15272,
15365,
15373,
15460,
15478,
15514,
15618,
15769,
15950,
15960,
13331,
3036,
13944,
13963,
14174,
14739,
14743,
14761,
14763,
14771,
14780,
14796,
14800,
14835,
14838,
14888,
14891,
14905,
14909,
14911,
14921,
14927,
14932,
14935,
14938,
14950,
14953,
14963,
14966,
14983,
14996,
14999,
15011,
15018,
15021,
15039,
15041,
15058,
15071,
15076,
15117,
15123,
15133,
15137,
15144,
15146,
15179,
15186,
15212,
15214,
15229,
15231,
15240,
15259,
15268,
15278,
15283,
15286,
15289,
15292,
15312,
15328,
15346,
15349,
15353,
15358,
15367,
15375,
15388,
15392,
15395,
15398,
15415,
15417,
15420,
15422,
15425,
15427,
15434,
15437,
15439,
15441,
15446,
15448,
15451,
15453,
15458,
15464,
15471,
15475,
15485,
15489,
15491,
15499,
15508,
15510,
15530,
15536,
15538,
15541,
15549,
15551,
15566,
15569,
15575,
15586,
15588,
15608,
15611,
15614,
15625,
15631,
15644,
15659,
15676,
15680,
15688,
15706,
15709,
15731,
15761,
15774,
15776,
15783,
15786,
15807,
15823,
15828,
15832,
15836,
15841,
15868,
15881,
15888,
15894,
15901,
15908,
15921,
15934,
15936,
15938,
15941,
15945,
15977,
16015,
16017,
16023,
16027,
16030,
16037,
16042,
16048,
16058,
16060,
16062,
16074,
16201,
16208,
16251,
16253,
16295,
16298,
16302,
16311,
16326,
16342,
16358,
16379,
16429,
16448,
16476,
16489,
16491,
16511,
16575,
16578,
16581,
16591,
16626,
16647,
16652,
16657,
16687,
16690,
16694,
16712,
16717,
16754,
16766,
16770,
16773,
16785,
16787,
16827,
16862,
16874,
16888,
16902,
16909,
16911,
16934,
16960,
17007,
18004,
18017,
18023,
18053,
18074,
18078,
19002,
19013,
19015,
19018,
19022,
19032,
19035,
19038,
19057,
19064,
19080,
19094,
19112,
19127,
19131,
19134,
19136,
19142,
19144,
19154,
19158,
19168,
19200,
19236,
19241,
19243,
19279,
19281,
19297,
19299,
19305,
19320,
19324,
19332,
19334,
19337,
19345,
19352,
19372,
19380,
19385,
19391,
19408,
19420,
19428,
19436,
19449,
19455,
19473,
19489,
19494,
19497,
19500,
19506,
19518,
19521,
19544,
19547,
19551,
19555,
19557,
19560,
19563,
19571,
19578,
19590,
19595,
19598,
19600,
19614,
19627,
19643,
3001,
3002,
3004,
3005,
3006,
3008,
3009,
3010,
3011,
3013,
3014,
3015,
3016,
3017,
3018,
3019,
3020,
3021,
3022,
3024,
3025,
3026,
3027,
3028,
3029,
3030,
3031,
3032,
3033,
3034,
3037,
3038,
3039,
3040,
10254,
10257,
10259,
10262,
10269,
10271,
10273,
10274,
10276,
10277,
10281,
10287,
10293,
10294,
10301,
10302,
10304,
10313,
10314,
10321,
10323,
10326,
10330,
10337,
10338,
10341,
10350,
10354,
10357,
10359,
10360,
10365,
10366,
10394,
10399,
10403,
10408,
10409,
10413,
10421,
10424,
10425,
10426,
10429,
10478,
10482,
10488,
10503,
10505,
10509,
10517,
10522,
10523,
10524,
10526,
10530,
10531,
10538,
10988,
11128,
11131,
11136,
11138,
11141,
11175,
11177,
11179,
11183,
11184,
11192,
11193,
11212,
11221,
11234,
11239,
11242,
11246,
11255,
11258,
11261,
11265,
11268,
11269,
11272,
11274,
11275,
11276,
11279,
11280,
11283,
11284,
11288,
11293,
11295,
11296,
11299,
11302,
11303,
11306,
11307,
11313,
11314,
11318,
11321,
11324,
11325,
11339,
11348,
11350,
11351,
11353,
11361,
11368,
11372,
11380,
11381,
11390,
11401,
11411,
11413,
11434,
11442,
11443,
11452,
11459,
11468,
11473,
11474,
11479,
11484,
11502,
11509,
11519,
11532,
11543,
11546,
11548,
11569,
11583,
11587,
11607,
12020,
12050,
12054,
12055,
12057,
12064,
12070,
12071,
13040,
13057,
13070,
13076,
13077,
13083,
13098,
13100,
13104,
13107,
13108,
13114,
13115,
13123,
13125,
13130,
13133,
13135,
13137,
13139,
13141,
13156,
13159,
13165,
13167,
13171,
13173,
13178,
13182,
13208,
13217,
13219,
13237,
13244,
13245,
13254,
13265,
13266,
13275,
13277,
13279,
13285,
13292,
13315,
13316,
13325,
13329,
13335,
13337,
13340,
13348,
13352,
13356,
13388,
13391,
13392,
13396,
13399,
13405,
13420,
13433,
13434,
13461,
13469,
13470,
13472,
13473,
13477,
13483,
13484,
13486,
13491,
13498,
13499,
13504,
13508,
13515,
13517,
13526,
13530,
13531,
13532,
13534,
13540,
13544,
13545,
13546,
13549,
13550,
13551,
13554,
13556,
13567,
13570,
13573,
13595,
13603,
13604,
13609,
13615,
13616,
13619,
13625,
13626,
13627,
13628,
13640,
13659,
13670,
13674,
13677,
13678,
13684,
13693,
13697,
13698,
13701,
13702,
13712,
13745,
13754,
13757,
13758,
13763,
13766,
13773,
13776,
13777,
13778,
13780,
13782,
13791,
13792,
13793,
13794,
13803,
13804,
13805,
13806,
13829,
13831,
13836,
13839,
13842,
13845,
13847,
13848,
13849,
13853,
13858,
13859,
13860,
13865,
13868,
13869,
13870,
13874,
13875,
13877,
13879,
13882,
13883,
13884,
13885,
13888,
13889,
13890,
13893,
13894,
13898,
13899,
13901,
13902,
13909,
13911,
13912,
13913,
13914,
13919,
13921,
13922,
13923,
13931,
13932,
13933,
13936,
13937,
13939,
13940,
13943,
13945,
13946,
13950,
13951,
13955,
13956,
13957,
13961,
13965,
13967,
13968,
13969,
13970,
13971,
13972,
13973,
13974,
13975,
13976,
13978,
13979,
13980,
13981,
13982,
13983,
13984,
13987,
13989,
13990,
13991,
13993,
13994,
14001,
14003,
14009,
14010,
14017,
14018,
14020,
14022,
14026,
14033,
14040,
14043,
14044,
14046,
14050,
14052,
14062,
14072,
14075,
14082,
14084,
14085,
14089,
14093,
14094,
14096,
14098,
14100,
14102,
14103,
14106,
14110,
14113,
14116,
14117,
14122,
14123,
14124,
14127,
14129,
14134,
14137,
14140,
14142,
14143,
14146,
14147,
14149,
14151,
14158,
14160,
14166,
14168,
14169,
14170,
14171,
14175,
14176,
14178,
14180,
14181,
14183,
14188,
14193,
14197,
14198,
14202,
14203,
14204,
14206,
14207,
14208,
14209,
14210,
14211,
14212,
14213,
14214,
14216,
14217,
14221,
14249,
14250,
14252,
14253,
14263,
14264,
14267,
14268,
14269,
14275,
14279,
14280,
14281,
14283,
14284,
14292,
14293,
14298,
14299,
14307,
14308,
14314,
14335,
14337,
14350,
14352,
14357,
14361,
14362,
14364,
14367,
14368,
14377,
14386,
14390,
14396,
14398,
14400,
14401,
14402,
14403,
14406,
14407,
14408,
14415,
14416,
14419,
14424,
14425,
14427,
14428,
14429,
14452,
14521,
14522,
14523,
14531,
14533,
14556,
14576,
14588,
14596,
14648,
14654,
14657,
14663,
14674,
14681,
14695,
14696,
14708,
14714,
14716,
14718,
14719,
14721,
14722,
14724,
14727,
14741,
14756,
14758,
14765,
14769,
14775,
14786,
14792,
14805,
14811,
14817,
14833,
14878,
14881,
14885,
14893,
14915,
14957,
14981,
14986,
14987,
14991,
15008,
15015,
15026,
15029,
15054,
15064,
15073,
15078,
15090,
15096,
15109,
15153,
15162,
15165,
15172,
15174,
15182,
15203,
15208,
15216,
15217,
15223,
15227,
15248,
15276,
15281,
15294,
15297,
15301,
15303,
15306,
15316,
15321,
15329,
15337,
15339,
15341,
15343,
15360,
15385,
15411,
15455,
15480,
15525,
15534,
15543,
15556,
15558,
15562,
15578,
15581,
15592,
15616,
15623,
15633,
15648,
15652,
15654,
15657,
15661,
15666,
15669,
15674,
15683,
15701,
15733,
15736,
15875,
15885,
15889,
15891,
15910,
15916,
15917,
15929,
15932,
15943,
15947,
15954,
15958,
15963,
15973,
15978,
16002,
16004,
16005,
16007,
16009,
16012,
16019,
16025,
16033,
16053,
16063,
16068,
16121,
16158,
16246,
16300,
16433,
16516,
16555,
16585,
16587,
16624,
16644,
16768,
16840,
16856,
16866,
16883,
16886,
16896,
16907,
16920,
16946,
16969,
16978,
17012,
18002,
18008,
18011,
18014,
18047,
18049,
18061,
18063,
19020,
19047,
19052,
19055,
19069,
19070,
19104,
19117,
19138,
19146,
19148,
19160,
19202,
19211,
19232,
19238,
19265,
19283,
19310,
19312,
19328,
19330,
19339,
19348,
19367,
19369,
19374,
19397,
19400,
19415,
19418,
19452,
19461,
19464,
19476,
19485,
19502,
19513,
19528,
19530,
19535,
19542,
19553,
19574,
19582,
19601,
19615,
10407,
10427,
13613,
13762,
14107,
14125,
14148,
14157,
14200,
15243,
15627,
15685,
15811,
15878,
15991,
16539,
16835,
16843,
18039,
18046,
19214,
14330,
19151,
5000,
5100,
5101,
5102,
8000,
13958,
16108,
16506,
16507,
16508,
15989,
10342,
10423,
10972,
11238,
13947,
16290,
16322,
16334,
16444,
16597,
16678,
16679,
16931,
16951,
18035,
18036,
18045,
18066,
18067,
18068,
18085,
19000,
19108,
19274,
19342,
19487,
16091,
16092,
16094,
16100,
16111,
16147,
16168,
16210,
16211,
16232,
16233,
16243,
16245,
16265,
16277,
16306,
16323,
16336,
16112,
16459,
16474,
16113,
16502,
16514,
16517,
16529,
16535,
16546,
16669,
16235,
16236,
16833,
16085,
16086,
16366,
15860,
16344,
16355,
16371,
16533,
16534,
16602,
3012,
11456,
13056,
13148,
13501,
13520,
13658,
13703,
13834,
14034,
14215,
14348,
14384,
14431,
14691,
15005,
15023,
15190,
15206,
15512,
15528,
15696,
15856,
15864,
15952,
16317,
16963,
16218,
15254,
15299,
15693,
15914,
16175,
16391,
16560,
16564,
16795,
16680,
16681,
16738,
16796,
16797,
16812,
16831,
16891,
16897,
17039,
18024,
18040,
18041,
19058,
19118,
19205,
19286,
19470,
19603,
19604,
19605,
19620,
19644,
15500,
15501,
17014,
18018,
19194,
19217,
19481,
15502,
18086,
15521,
18079,
19008,
19149,
19150,
19207,
18058,
11526,
11581,
19041,
19043,
19187,
19191,
19228,
14165,
19451],
 },
